Problem,Prompt,Codestral-2501 Output
0,Summarize the following Java method. Let's think step-by-step. Here's the code: ,"To summarize the given Java method, let's analyze it step by step.

1. **Method Signature**: The method is named `countWordFrequency` and it takes a `List<String>` as input, returning a `Map<String, Integer>`.

2. **Initialization**: Inside the method, a new `HashMap` named `freqMap` is created. This map is intended to store the frequency of each word in the input list.

3. **Looping Through the Input List**: The method then iterates over each `String` (referred to as `word`) in the input list `words`.

4. **Updating the Frequency Map**: For each `word`, it updates the `freqMap` using the `put` method. The new value for the word is calculated by getting the current value associated with the word in the map (or defaulting to 0 if the word is not yet in the map) and adding 1 to it. This is achieved through `freqMap.getOrDefault(word, 0) + 1`.

   - If `word` is already a key in `freqMap`, `getOrDefault` returns its associated value.
   - If `word` is not a key in `freqMap`, `getOrDefault` returns 0, effectively initializing its count to 1 on the first occurrence.

5. **Returning the Result**: After processing all words in the list, the method returns `freqMap`, which contains the frequency of each unique word.

**Summary**: The `countWordFrequency` method counts the occurrences of each unique word in a given list and returns a map where the keys are the unique words and the values are their respective frequencies.

**Example Use Case**:
- Input: `[""apple"", ""banana"", ""apple"", ""orange"", ""banana"", ""banana""]`
- Output: `{apple=2, banana=3, orange=1}`

This method is case-sensitive and considers ""word"" and ""Word"" as two different words. It also does not handle null inputs or words. Depending on the requirements, additional error checking or preprocessing (like converting all words to lower case) might be necessary."
0,"Example 1:
Input:
'''public int sumList(List<Integer> nums) {
    int sum = 0;
    for (int n : nums) {
        sum += n;
    }
    return sum;
}
'''
Output: 
""This method returns the sum of all integers in the input list.""

Example 2: 
Input:
```
public boolean containsNegative(List<Integer> nums) {
    for (int n : nums) {
        if (n < 0) return true;
    }
    return false;
}
```
Output:
""This method checks if the input list contains any negative numbers.""

Now, summarize the following Java method. Here's the code: ",
1,"Prompt 1: Identify the off-by-one bug in this Python function. Here's the code:  

Prompt 2: Now, fix the bug in the following function. ",Not implemented
1,Fix the off-by-one bug in this Python function. Let's think step-by-step. Here's the code: ,"To fix the off-by-one bug in the given Python function, let's first understand what the function is supposed to do and then identify the issue.

The function `sum_range(start, end)` is intended to sum all numbers from `start` to `end`. 

### Understanding the Issue

The issue here is likely related to whether the `end` value is inclusive or exclusive. In Python, the `range()` function generates numbers up to but not including the `end` value. So, if we want `end` to be included in the sum, we need to adjust the `range()` function accordingly.

### Step-by-Step Analysis of the Problem:

1. **Understanding the `range()` function**: The `range(start, end)` function generates a sequence of numbers starting from `start` up to, but not including, `end`.
2. **Identifying the off-by-one bug**: The bug arises because the `end` value is not included in the sum. For example, if you call `sum_range(1, 5)`, it will sum the numbers 1, 2, 3, and 4, but not 5.
3. **Fixing the bug**: To include `end` in the sum, we need to modify the `range()` function to go up to `end + 1`.

### Fixed Solution:
```python
def sum_range(start, end):
    """"""
    Sums all numbers from start to end (inclusive).
    
    Args:
    start (int): The starting number of the range.
    end (int): The ending number of the range.
    
    Returns:
    int: The sum of all numbers in the range from start to end.
    """"""
    total = 0
    # Adjusting the range to include 'end' by using end + 1
    for i in range(start, end + 1):  
        total += i
    return total

# Alternatively, you can use the formula for the sum of an arithmetic series
def sum_range_formula(start, end):
    """"""
    Sums all numbers from start to end (inclusive) using the formula for the sum of an arithmetic series.
    
    Args:
    start (int): The starting number of the range.
    end (int): The ending number of the range.
    
    Returns:
    int: The sum of all numbers in the range from start to end.
    """"""
    # The formula for the sum of an arithmetic series is n/2 * (first_term + last_term)
    # Here, n = end - start + 1 (since both start and end are inclusive)
    n = end - start + 1
    return n * (start + end) // 2
```

### Explanation of Changes:
- **Adjusted the `range()` function**: Changed `range(start, end)` to `range(start, end + 1)` to include `end` in the sum.
- **Provided an alternative solution**: Introduced `sum_range_formula()` which uses the mathematical formula for the sum of an arithmetic series. This approach is more efficient as it avoids iterating over the range.

### Tests and Example Uses:
```python
print(sum_range(1, 5))  # Should print 15 (1+2+3+4+5)
print(sum_range_formula(1, 5))  # Should also print 15
```"
2,"Example 1
Input:
void copyArray(int* dest, int* src, int size) {
    for (int i = 0; i <= size; i++) {
        dest[i] = src[i];
    }
}

Bug Type: Off-by-One Error (Buffer Overflow)


Example 2 
Input: 
int calculateSum(int a, int b) {
    int sum;
    return sum;
}
Bug Type: Uninitialized Variable

Now, classify the type of bug in the C++ function. Here's the code: ","### Bug Type Classification

The given C++ function is:
```cpp
int* getArray(int size) {
    int arr[size];
    return arr;
}
```
### Analysis

The function `getArray` declares a local array `arr` with a size determined by the input parameter `size`. It then returns a pointer to this local array.

### Bug Type

The bug in this function is a **Dangling Pointer** or more specifically, a case of **Returning a Pointer to a Local Variable**.

### Explanation

In C++, local variables are stored on the stack and are destroyed when their scope ends, which in this case is when the function `getArray` returns. Therefore, the returned pointer points to memory that has already been deallocated, leading to undefined behavior when the caller tries to access the memory through this pointer.

Additionally, the use of `int arr[size];` where `size` is not a constant expression is also a problem because it uses a Variable Length Array (VLA), which is not a standard feature in C++. While some compilers support VLAs as an extension, it's not portable and can lead to issues.

### Correct Classification

The primary bug type here is related to **Returning a Pointer to a Local Variable**, which results in a **Dangling Pointer**. The use of VLA is also non-standard and can be considered a separate issue related to **Non-Standard C++**."
2,Classify the type of bug in the C++ function. Let's think step-by-step. Here's the code: ,"To classify the type of bug in the given C++ function, let's analyze it step by step.

### Step 1: Understand the Function's Purpose
The function `int* getArray(int size)` is intended to create and return an array of integers based on the `size` parameter passed to it.

### Step 2: Analyze the Function's Body
Inside the function, an array `arr` of size `size` is declared. The return statement then attempts to return a pointer to this array.

### Step 3: Identify the Issue
The key issue here lies in understanding how C++ handles the memory allocation for variables declared within a function's scope. Variables declared within a function are typically allocated on the stack. When the function returns, the memory allocated on the stack for that function's local variables is deallocated.

### Step 4: Understand the Bug
The array `arr` is a local variable, and its memory is allocated on the stack. When `getArray` returns, the memory for `arr` is deallocated because it goes out of scope. However, the function returns a pointer to this memory location. This results in a **dangling pointer**, which is a pointer that points to memory that has already been deallocated or reused.

### Step 5: Classify the Bug
The bug in this C++ function is related to memory management and is classified as a **""Dangling Pointer"" or ""Use-After-Free"" bug**. This type of bug can lead to undefined behavior when the returned pointer is dereferenced by the caller, as it may point to memory that has been reused or contains garbage values.

### Step 6: Consider Additional Issues
Another issue with the given code is that it uses a Variable Length Array (VLA), `int arr[size];`, where `size` is not a constant. VLAs are not a standard feature in C++ (though some compilers support them as an extension). This could be considered a separate issue related to non-standard code.

### Step 7: Fixing the Bug
To fix this bug, one could dynamically allocate memory using `new[]` and `delete[]`, or better, use a smart pointer or a container like `std::vector` that manages memory automatically.

Example using dynamic allocation:
```cpp
int* getArray(int size) {
    int* arr = new int[size];
    return arr;
}
// Caller is responsible for deleting the allocated memory
// int* arr = getArray(10);
// // Use arr
// delete[] arr;
```

Example using `std::vector`:
```cpp
#include <vector>
std::vector<int> getArray(int size) {
    return std::vector<int>(size);
}
// Usage
std::vector<int> vec = getArray(10);
// Use vec
```

### Conclusion
The bug in the provided C++ function is a dangling pointer due to returning a pointer to a local variable that goes out of scope. The fix involves using dynamically allocated memory or, preferably, leveraging standard library containers that handle memory management."
